No,Lokasi,Kecamatan,Tipe Hunian,Kondisi,Luas Tanah,Luas Bangunan,Kepemilikan,Lebar Jalan,Jumlah Lantai,Jumlah KT,Jumlah KM,Garasi,Daya Listrik,Rooftop,Sumber Air,Tipe Furnish,Harga
1,KABUPATEN BANDUNG,BOJONGSOANG,LANDED HOUSE,BARU,65,55,SHM,5,1,3,2,ADA,2200,TIDAK,PDAM,NON FURNISHED,752000000
2,KABUPATEN BANDUNG,CILEUNYI,LANDED HOUSE,BARU,131,115,SHM,5,3,3,3,ADA,2200,TIDAK,PDAM,NON FURNISHED,1290000000
3,KABUPATEN BANDUNG,BOJONGSOANG,LANDED HOUSE,BARU,112,127,SHM,5,2,3,3,TIDAK,3500,TIDAK,PDAM,NON FURNISHED,2760000000
4,KABUPATEN BANDUNG,BOJONGSOANG,LANDED HOUSE,BARU,200,225,SHM,5,2,4,4,ADA,2200,TIDAK,PDAM,NON FURNISHED,3680000000
5,KOTA BANDUNG,SUKASARI,LANDED HOUSE,BEKAS,135,300,SHM,6,3,6,2,ADA,3300,TIDAK,PDAM,NON FURNISHED,2800000000
6,KABUPATEN BANDUNG BARAT,PADALARANG,LANDED HOUSE,BEKAS,120,94,HGB,5,2,3,2,TIDAK,2200,TIDAK,PDAM,NON FURNISHED,2100000000
7,KOTA BANDUNG,SUKASARI,LANDED HOUSE,BEKAS,647,306,SHM,5,1,3,4,ADA,5500,TIDAK,SUMUR BOR,SEMI FURNISHED,7940000000
8,KOTA BANDUNG,CIDADAP,APARTEMENTT,BEKAS,48,48,HGB,6,1,2,1,ADA,2200,TIDAK,PDAM,FULL FURNISHED,700000000
9,KOTA BANDUNG,BATUNUNGGAL,APARTEMENTT,BEKAS,36,36,SHM,17,1,2,1,ADA,1300,TIDAK,PDAM,SEMI FURNISHED,230000000
10,KOTA BANDUNG,ARCAMANIK,LANDED HOUSE,BEKAS,219,184,SHM,4,2,4,2,ADA,2200,TIDAK,PDAM,NON FURNISHED,2610000000
11,JAKARTA TIMUR,PASAR REBO,LANDED HOUSE,BARU,60,127,SHM,5,3,3,3,ADA,3500,TIDAK,KOMBINASI,NON FURNISHED,2490000000
12,JAKARTA TIMUR,CAKUNG,LANDED HOUSE,BEKAS,108,120,SHM,5,2,3,3,ADA,2200,TIDAK,PDAM,SEMI FURNISHED,1550000000
13,JAKARTA SELATAN,PASAR MINGGU,LANDED HOUSE,BEKAS,360,300,SHM,5,1,3,3,ADA,4400,TIDAK,SUMUR BOR,SEMI FURNISHED,6700000000
14,JAKARTA SELATAN,JAGAKARSA,LANDED HOUSE,BARU,80,140,SHM,6,2,4,4,ADA,2200,TIDAK,PDAM,SEMI FURNISHED,2700000000
15,JAKARTA TIMUR,DUREN SAWIT,LANDED HOUSE,BEKAS,222,123,SHM,4,2,2,2,ADA,2200,TIDAK,SUMUR BOR,NON FURNISHED,1630000000
16,JAKARTA SELATAN,KEBAYORAN LAMA,LANDED HOUSE,BEKAS,300,630,HGB,6,3,5,4,ADA,13200,ADA,SUMUR BOR,FULL FURNISHED,17000000000
17,JAKARTA BARAT,KEMBANGAN,APARTEMENTT,BARU,98,98,HGB,6,1,2,2,ADA,2200,TIDAK,PDAM,FULL FURNISHED,4300000000
18,JAKARTA SELATAN,PASAR MINGGU,LANDED HOUSE,BEKAS,98,222,SHM,6,3,4,4,ADA,7700,TIDAK,PDAM,FULL FURNISHED,5890000000
19,JAKARTA UTARA,PENJARINGAN,LANDED HOUSE,BEKAS,200,450,SHM,5,5,5,4,ADA,4400,TIDAK,PDAM,NON FURNISHED,8900000000
20,JAKARTA UTARA,PENJARINGAN,LANDED HOUSE,BARU,332,1200,SHM,6,3,6,9,ADA,41500,ADA,PDAM,SEMI FURNISHED,19900000000
21,KOTA BEKASI,BEKASI UTARA,LANDED HOUSE,BEKAS,136,300,SHM,8,3,3,3,ADA,4400,TIDAK,PDAM,FULL FURNISHED,3500000000
22,KABUPATEN BEKASI,CIBITUNG,LANDED HOUSE,BEKAS,72,45,SHM,4,1,2,1,ADA,1300,TIDAK,PDAM,NON FURNISHED,650000000
23,KOTA BEKASI,MUSTIKA JAYA,LANDED HOUSE,BARU,72,45,SHM,4,2,2,1,ADA,1300,TIDAK,SUMUR BOR,NON FURNISHED,888000000
24,KOTA BEKASI,BEKASI SELATAN,LANDED HOUSE,BEKAS,77,154,SHM,4,2,3,2,ADA,1300,TIDAK,PDAM,SEMI FURNISHED,650000000
25,KOTA BEKASI,BEKASI UTARA,LANDED HOUSE,BEKAS,105,78,SHM,4,2,4,2,ADA,2200,TIDAK,SUMUR BOR,SEMI FURNISHED,910000000
26,KABUPATEN BEKASI ,TAMBUN SELATAN,LANDED HOUSE,BEKAS,162,120,SHM,6,2,3,2,ADA,2200,TIDAK,PDAM,NON FURNISHED,1500000000
27,KOTA BEKASI,BEKASI UTARA,LANDED HOUSE,BEKAS,120,150,SHM,4,2,3,2,ADA,3300,TIDAK,PDAM,SEMI FURNISHED,950000000
28,KOTA BEKASI,BEKASI UTARA,LANDED HOUSE,BEKAS,108,69,SHM,6,2,3,3,ADA,2200,TIDAK,PDAM,SEMI FURNISHED,1350000000
29,KOTA BEKASI,BEKASI UTARA,LANDED HOUSE,BARU,90,122,SHM,8,2,3,3,ADA,2200,TIDAK,SUMUR BOR,FULL FURNISHED,1700000000
30,KOTA BEKASI,PONDOK GEDE,LANDED HOUSE,BARU,61,73,SHM,5,2,3,1,ADA,2200,TIDAK,PDAM,NON FURNISHED,700000000
31,KOTA BANDUNG,CIBEUNYING KALER,LANDED HOUSE,BEKAS,275,375,SHM,8,3,5,4,ADA,3500,TIDAK,PAM,NON FURNISHED,2500000000
32,KOTA BANDUNG,ANTAPANI,LANDED HOUSE,BEKAS,114,160,SHM,8,2,4,3,ADA,2200,TIDAK,SUMUR BOR,NON FURNISHED,1400000000
33,KOTA BANDUNG,RANCAEKEK,LANDED HOUSE,BARU,70,45,SHM,8,2,2,2,ADA,1300,TIDAK,PAM,NON FURNISHED, 470500000
34,KOTA BANDUNG,COBLONG,LANDED HOUSE,BEKAS,176,135,HGB,8,2,4,4,ADA,2200,TIDAK,SUMUR BOR,SEMI FURNISHED,2300000000
35,KOTA BANDUNG,CIJAURA,LANDED HOUSE,BEKAS,126,120,SHM,8,2,5,2,ADA,2200,ADA,SUMUR BOR,NON FURNISHED,1200000000
36,JAKARTA TIMUR,CIPAYUNG,LANDED HOUSE,BARU,82,179,SHM,8,2,5,4,ADA,2200,TIDAK,PDAM,SEMI FURNISHED,1700000000
37,KOTA BANDUNG,LENGKONG,LANDED HOUSE,BARU,140,160,SHM,8,2,5,2,ADA,1300,TIDAK,PDAM,NON FURNISHED,2400000000
38,KOTA BANDUNG,ARCAMANIK,LANDED HOUSE,BEKAS,200,150,SHM,8,1,4,3,ADA,3500,TIDAK,SUMUR BOR,NON FURNISHED,2200000000
39,KOTA BANDUNG,GEGERKALONG,LANDED HOUSE,BARU,125,120,SHM,8,2,4,3,TIDAK,2200,TIDAK,PDAM,NON FURNISHED,2500000000
40,KOTA BANDUNG,SUKASARI,LANDED HOUSE,BEKAS,120,177,SHM,8,2,4,3,ADA,2200,TIDAK,PDAM,SEMI FURNISHED,1600000000
41,KOTA BANDUNG,JATISAMPURNA,LANDED HOUSE,BEKAS,122,190,SHM,8,2,4,4,ADA,2200,TIDAK,PAM,FULL FURNISHED,2700000000
42,KOTA BEKASI,BEKASI UTARA,LANDED HOUSE,BEKAS,70,100,SHM,8,2,3,2,ADA,1300,TIDAK,PDAM,NON FURNISHED,725000000
43,KOTA BEKASI,PONDOK GEDE,LANDED HOUSE,BEKAS,375,250,SHM,8,2,4,3,ADA,4400,TIDAK,PAM,SEMI FURNISHED,3800000000
44,KOTA BEKASI,BEKASI BARAT,LANDED HOUSE,BEKAS,79,152,SHM,8,2,3,3,ADA,1300,TIDAK,KOMBINASI,NON FURNISHED,1300000000
45,KOTA BEKASI,BEKASI UTARA,LANDED HOUSE,BEKAS,60,120,SHM,8,2,3,2,ADA,1300,TIDAK,PAM,NON FURNISHED,650000000
46,KOTA BEKASI,BEKASI SELATAN,LANDED HOUSE,BEKAS,56,75,SHM,8,2,3,2,ADA,2200,TIDAK,PAM,NON FURNISHED,750000000
47,KOTA BANDUNG,CICENDO,LANDED HOUSE,BEKAS,188,250,SHM,8,2,5,4,ADA,3300,TIDAK,PAM,NON FURNISHED,4500000000
48,KOTA BANDUNG,BANDUNG KIDUL,LANDED HOUSE,BEKAS,195,350,SHM,8,2,5,5,ADA,4600,TIDAK,PAM,NON FURNISHED,3100000000
49,JAKARTA SELATAN,KEBAYORAN LAMA,APARTEMENT,BEKAS,90,117,SHM,8,1,3,2,ADA,106000,TIDAK,PAM,FULL FURNISHED,3500000000
50,JAKARTA SELATAN,TEBET,APARTEMENT,BEKAS,150,76,HGB,8,1,2,2,ADA,2200,TIDAK,PAM,FULL FURNISHED,3100000000
51,KABUPATEN BANDUNG,JATINANGOR,LANDED HOUSE,BEKAS,140,50,SHM,8,2,2,1,TIDAK,1300,TIDAK,PAM,NON FURNISHED,910000000
52,KABUPATEN BANDUNG,CILEUNYI,LANDED HOUSE,BEKAS,201,450,SHM,8,3,17,17,ADA,5000,TIDAK,PAM,NON FURNISHED,4000000000
53,KABUPATEN BANDUNG,SUKARAPIH,LANDED HOUSE,BEKAS,60,30,SHM,8,1,2,1,TIDAK,900,TIDAK,PDAM,NON FURNISHED,250000000
54,KABUPATEN BANDUNG,JATINANGOR,LANDED HOUSE,BEKAS,168,168,SHM,8,2,5,3,ADA,2200,TIDAK,SUMUR BOR,NON FURNISHED,950000000
55,KABUPATEN BANDUNG,CIKERUH,LANDED HOUSE,BEKAS,1000,600,SHM,8,2,10,11,ADA,3500,TIDAK,PAM,NON FURNISHED,3500000000
56,KABUPATEN BANDUNG,SAYAN,LANDED HOUSE,BEKAS,88,49,SHM,8,2,3,1,TIDAK,2200,TIDAK,PDAM,NON FURNISHED,710000000
57,KABUPATEN BANDUNG,JATINANGOR,LANDED HOUSE,BEKAS,144,240,SHM,8,2,11,11,TIDAK,5500,TIDAK,SUMUR BOR,FULL FURNISHED,2200000000
58,KABUPATEN BANDUNG,CIMANGGUNG,LANDED HOUSE,BEKAS,2552,100,SHM,8,2,2,2,TIDAK,1300,TIDAK,PAM,SEMI FURNISHED,1600000000
59,KABUPATEN BANDUNG,SUKAMANTRI,LANDED HOUSE,BEKAS,1400,160,SHM,8,1,3,22,ADA,1300,TIDAK,SUMUR BOR,FULL FURNISHED,1400000000
60,KABUPATEN BANDUNG,CIPACING,LANDED HOUSE,BEKAS,140,140,SHM,8,1,2,2,ADA,1300,TIDAK,SUMUR BOR,FULL FURNISHED,950000000
61,KABUPATEN BANDUNG,PADALARANG,LANDED HOUSE,BARU,189,200,SHM,2,2,4,3,ADA,2200,TIDAK ,SUMUR BOR,SEMI FURNISHED,2800000000
62,KOTA BANDUNG,SUKAJADI,LANDED HOUSE,BEKAS,172,160,SHM,2,1,4,2,ADA,2200,TIDAK,KOMBINASI,NON FURNISH,2350000000
63,KOTA BANDUNG,BUAHBATU,LANDED HOUSE,BARU,220,500,SHM,3,3,5,4,ADA,3500,ADA,SUMUR BOR,NON FURNISH,4850000000
64,KOTA BANDUNG,LENGKONG,LANDED HOUSE,BEKAS,190,320,SHM,2,2,6,4,ADA,2200,TIDAK,KOMBINASI,NON FURNISH,10000000000
65,KOTA BANDUNG,PARONGPONG,LANDED HOUSE,BARU,72,90,SMH,2,2,2,2,ADA,1300,TIDAK ,KOMBINASI,NON FURNISH,1000000000
66,KOTA BANDUNG,PADALARANG,LANDED HOUSE,BARU,126,110,SHM,2,1,2,2,ADA,2200,TIDAK,SUMUR BOR,FULL FURNISH,2150000000
67,KOTA BANDUNG,BOJONGLOA TIMUR,LANDED HOUSE,BARU,70,50,SHM,2,1,2,2,ADA,1300,TIDAK ,SUMUR BOR,NON FURNISH,274000000
68,KOTA BANDUNG,MARGAASIH,LANDED HOUSE,BEKAS,60,36,SHM,2,1,2,1,ADA,1300,TIDAK,SUMUR BOR,NON FURNISH,216000000
69,KOTA BANDUNG,KATAPANG,LANDED HOUSE,BARU,84,50,SHM,2,1,1,1,ADA,1300,TIDAK ,SUMUR BOR,SEMI FURNISHED,301000000
70,BEKASI,CIKARANG,LANDED HOUSE,BEKAS,225,121,SHM,2,2,3,2,ADA,2200,TIDAK,PDAM,NON FURNISH,1000000000
71,BEKASI,CIKARANG,LANDED HOUSE,BEKAS,450,700,SHM,2,2,3,2,ADA,3500,TIDAK ,PDAM,FURNISH,6000000000
72,BEKASI,MEDAN SATRIA,LANDED HOUSE,BARU,100,150,SHM,2,2,3,2,ADA,2200,TIDAK,SUMUR BOR,NON FURNISH,1600000000
73,TANGGERANG,GADING SERPONG,LANDED HOUSE,BARU,57,63,SHM,2,2,3,3,ADA,2200,TIDAK ,SUMUR BOR,NON FURNISH,650000000
74,DEPOK,SUKMAJAYA,LANDED HOUSE,BEKAS,172,170,SHM,2,1,3,2,ADA,2200,TIDAK,PDAM,FULL FURNISH,1740000000
75,DEPOK,CIMANGGIS,LANDED HOUSE,BEKAS,106,165,SHM,2,2,4,3,ADA,2200,TIDAK ,SUMUR BOR,NON FURNISH,1930000000
76,DEPOK,SA ANGAN,LANDED HOUSE,BARU,60,100,SHM,2,2,3,2,ADA,2200,TIDAK,SUMUR BOR,NON FURNISH,650000000
77,DEPOK,CITAYAM,LANDED HOUSE,BARU,90,100,SHM,2,1,4,3,ADA,2200,TIDAK ,SUMUR BOR,SEMI FURNISH,1490000000
78,KABUPATEN BANDUNG,CIMAHI,LANDED HOUSE,BARU,120,80,SHM,2,1,3,2,ADA,1300,TIDAK,SUMUR BOR,NON FURNISH,450000000
79,BANDUNG,CICENDO,APARTEMENTT,BARU,153,153,HGB,4,1,3,2,ADA,8800,TIDAK ,SUMUR BOR,SEMI FURNISH,3000000000
80,SURABAYA,PAKU ON CITY,LANDED HOUSE,BEKAS,200,250,HGB,2,2,3,3,ADA,2200,TIDAK,PDAM,NON FURNISH,3900000000
81,SURABAYA,CITRALAND,LANDED HOUSE,BARU,210,400,SHM,3,3,5,5,ADA,4400,TIDAK ,PDAM,NON FURNISH,11000000000
82,SURABAYA,CITRALAND,LANDED HOUSE,BARU,264,399,HGB,4,3,4,4,ADA,2200,TIDAK,PDAM,NON FURNISH,7200000000
83,SURABAYA,CITRALAND,LANDED HOUSE,BARU,197,405,HGB,4,3,6,6,ADA,4400,ADA,PDAM,NON FURNISH,6000000000
84,SURABAYA,CITRALAND,LANDED HOUSE,BARU,240,580,HGB,3,3,5,6,ADA,5500,TIDAK,PDAM,NON FURNISH,8100000000
85,SURABAYA,GAYUNGAN,APARTEMENTT,BARU,64,64,HGB,4,1,2,2,ADA,2200,TIDAK ,PDAM,NON FURNISH,750000000
86,KOTA BANDUNG,PAJAJARAN,APARTEMENTT,BEKAS,152,152,HGB,4,1,3,2,ADA,4400,TIDAK,PDAM,FULL FURNISH,3000000000
87,KOTA BANDUNG,CIUMBULEUIT,APARTEMENTT,BEKAS,35,35,SHM,4,2,1,1,ADA,2200,TIDAK ,PDAM,FULL FURNISH,1000000000
88,KOTA BANDUNG,PAPAJARAN,APARTEMENTT,BEKAS,63,63,SHM,4,1,2,1,ADA,2200,TIDAK,SUMUR BOR,FULL FURNISH,1250000000
89,KOTA BANDUNG,PASIR KALIKI,APARTEMENTT,BEKAS,90,90,SHM,4,1,3,3,ADA,2200,TIDAK ,SUMUR BOR,FULL FURNISH,2300000000
90,KOTA BANDUNG,CIDADAP,APARTEMENTT,BEKAS,126,126,HGB,4,1,3,2,ADA,2200,TIDAK,SUMUR BOR,FULL FURNISH,3250000000
91,KOTA BANDUNG,BUAH BATU,LANDED HOUSE,BARU,60,40,SHM,8,1,2,1,ADA,1300,TIDAK,PDAM,SEMI FURNISHED,297000000
92,KOTA BEKASI,MEDAN SATRIA,LANDED HOUSE,BARU,100,150,SHM,4,2,3,2,ADA,2200,ADA,PDAM,NON FURNISHED,1600000000
93,KOTA BANDUNG,SARIJADI,LANDED HOUSE,BEKAS,85,75,SHM,3,2,4,1,TIDAK,1300,TIDAK,PDAM,NON FURNISHED,650000000
94,SEMARANG,GUNUNG PATI,LANDED HOUSE,BARU,120,65,SHM,4,1,2,1,ADA,1300,TIDAK,PDAM,NON FURNISHED,500000000
95,TANGGERANG SELATAN,PONDOK AREN,LANDED HOUSE,BEKAS,3000,750,SHM,5,2,4,4,ADA,16000,ADA,PAM,SEMI FURNISHED,3700000000
96,GADING SEONG,TANGERANG,LANDED HOUSE,BARU,57,63,SHM,4,2,3,3,ADA,2200,TIDAK,PDAM,NON FURNISHED,650000000
97,KOTA BANDUNG,PASIR KALIKI,LANDED HOUSE,BARU,139,180,SHM,6,2,4,3,ADA,1300,ADA,PDAM,NON FURNISHED,3500000000
98,KOTA BEKASI,JATI BENING,LANDED HOUSE,BARU,51,63,SHM,3,2,3,2,ADA,2200,ADA,PDAM,NON FURNISHED,700000000
99,JAKARTA SELATAN,PONDOK INDAH,LANDED HOUSE,BEKAS,602,477,SHM,4,2,6,4,ADA,10600,TIDAK,PDAM,SEMI FURNISHED,19500000000
100,JAKARTA TIMUR,CIPINANG,LANDED HOUSE,BARU,37,56,SHM,4,2,2,2,ADA,2200,ADA,PDAM,NON FURNISHED,1250000000
101,KOTA BANDUNG,KOTA BARU PARAHYANGAN,LANDED HOUSE,BARU,189,200,SHM,4,2,4,3,ADA,2200,TIDAK,PDAM,SEMI FURNISHED,2800000000
102,KOTA BOGOR,SENTUL CITY,LANDED HOUSE,BARU,735,285,HGB,6,2,4,3,ADA,33000,TIDAK,PDAM,SEMI FURNISHED,1500000000
103,KOTA BOGOR,SUMMARECON KOTA BOGOR,LANDED HOUSE,BARU,216,307,SHM,4,2,4,4,ADA,4400,TIDAK,PDAM,NON FURNISHED,5650000000
104,KOTA BANDUNG,KOTA BARU PARAHYANGAN,LANDED HOUSE,BEKAS,126,110,SHM,4,2,2,2,ADA,3500,TIDAK,PDAM,FULL FURNISHED,2450000000
105,KOTA BANDUNG,CIBADUYUT,LANDED HOUSE,BEKAS,70,50,SHM,9,1,2,2,TIDAK,1300,TIDAK,SUMUR BOR,NON FURNISHED,274000000
106,KOTA BANDUNG,CIHAMPELAS,LANDED HOUSE,BEKAS,172,160,SHM,6,1,4,2,ADA,2200,TIDAK,PDAM,NON FURNISHED,235000000
107,KOTA BANDUNG,KATAPANG,LANDED HOUSE,BEKAS,84,50,SHM,5,1,1,1,TIDAK,1300,TIDAK,SUMUR BOR,SEMI FURNISHED,301000000
108,KOTA BANDUNG,CIUMBULEUIT,APARTEMENTT,BEKAS,70,35,SHM,6,1,2,1,TIDAK,1300,TIDAK,PDAM,SEMI FURNISHED,570000000
109,SEMARANG,KALICARI,LANDED HOUSE,BARU,90,65,SHM,4,1,3,1,TIDAK,1300,TIDAK,SUMUR BOR,NON FURNISHED,650000000
110,SEMARANG,GUNUNG PATI,LANDED HOUSE,BARU,120,45,SHM,9,1,2,1,TIDAK,1300,TIDAK,SUMUR BOR,SEMI FURNISHED,497000000
111,SEMARANG,TEMBALANG,LANDED HOUSE,BARU,87,30,SHM,9,1,2,1,ADA,1300,TIDAK,SUMUR BOR,SEMI FURNISHED,790000000
112,YOGYAKARTA,BANTUL,LANDED HOUSE,BARU,150,123,SHM,6,2,4,2,ADA,2200,TIDAK,SUMUR BOR,SEMI FURNISHED,1350000000
113,YOGYAKARTA,KOTA GEDE,LANDED HOUSE,BARU,162,130,SHM,4,1,3,2,ADA,1300,TIDAK,SUMUR BOR,SEMI FURNISHED,1350000000
114,YOGYAKARTA,MERGANGSAN,LANDED HOUSE,BARU,215,200,SHM,4,3,9,5,ADA,2200,ADA,SUMUR BOR,SEMI FURNISHED,3000000000
115,DENPASAR,RENON,LANDED HOUSE,BARU,118,152,SHM,3,2,3,3,ADA,5500,TIDAK,PAM,SEMI FURNISHED,3200000000
116,MALANG,BLIMBING,LANDED HOUSE,BEKAS,180,150,SHM,6,1,3,1,ADA,2200,TIDAK,PAM,FULL FURNISHED,1980000000
117,DENPASAR,UBUNG KAJA,LANDED HOUSE,BEKAS,155,155,SHM,6,2,4,3,ADA,4400,TIDAK,SUMUR BOR,NON FURNISHED,1800000000
118,MALANG ,RAMPAL CEKALET,LANDED HOUSE,BEKAS,423,250,SHM,5,1,6,3,ADA,1300,TIDAK,PDAM,NON FURNISHED,3500000000
119,DENPASAR,PANJER,LANDED HOUSE,BARU,638,400,SHM,6,2,5,5,ADA,7700,TIDAK,SUMUR BOR,FULL FURNISHED,12000000000
120,JAKARTA SELATAN,TB SIMATUPANG,APARTEMENTT,BARU,236,108,SHM,4,1,2,2,TIDAK,4400,TIDAK,PDAM,FULL FURNISHED,204000000
121,KOTA BANDUNG,SUKASARI,LANDED HOUSE,BARU,155,212,SHGB,2,3,5,4,ADA,2200,ADA,PDAM,NON FURNISHED,2800000000
122,KOTA BANDUNG,SUKASARI,LANDED HOUSE,BARU,150,200,SHGB,2,3,5,4,ADA,4400,ADA,PDAM,FURNISHED,2880000000
123,KOTA BANDUNG,SARIWANGI,LANDED HOUSE,BARU,100,75,SHM,2,1,3,1,TIDAK,1300,TIDAK,PAM TANDOM TANAM,NON FURNISHED,975000000
124,KOTA BANDUNG,SUKASARI,LANDED HOUSE,BARU,118,150,SHM,2,2,3,3,ADA,2200,ADA,PDAM,NON FURNISHED,2200000000
125,KOTA BANDUNG,PARONGPONG,LANDED HOUSE,BARU,90,70,SHGB,2,2,3,2,TIDAK,1300,ADA,PDAM,NON FURNISHED,799000000
126,KOTA BANDUNG,SETIABUDI,LANDED HOUSE,BARU,90,140,SHM,4,3,4,2,ADA,2200,ADA,PDAM,NON FURNISHED,950000000
127,KOTA BANDUNG,DAGO,LANDED HOUSE,BARU,647,500,SHM,3,3,5,4,ADA,5500,ADA,PDAM,FURNISHED,9900000000
128,KOTA BANDUNG,CIWARUGA,LANDED HOUSE,BARU,360,276,SHM,2,3,3,3,ADA,5500,ADA,PDAM,NON FURNISHED,4500000000
129,KOTA BANDUNG,SUKASARI,LANDED HOUSE,BARU,186,250,SHM,2,3,3,2,ADA,2200,ADA,PDAM,NON FURNISHED,2600000000
130,KOTA BANDUNG,PASTEUR,LANDED HOUSE,BARU,239,300,SHM,3,2,5,4,ADA,3500,TIDAK,PDAM,NON FURNISHED,3250000000
131,KOTA BANDUNG,SUKASARI,LANDED HOUSE,BEKAS,680,250,SHM,2,2,5,4,ADA,4400,ADA,PAM,FURNISHED,6500000000
132,KOTA BANDUNG,SETIABUDI,LANDED HOUSE,BARU,450,200,SHM,5,3,5,5,ADA,2200,ADA,PDAM,FURNISHED,6800000000
133,KOTA BANDUNG,DJUANDA,LANDED HOUSE,BEKAS,728,250,SHM,5,2,7,4,ADA,4400,ADA,PDAM,FURNISHED,6000000000
134,KOTA BANDUNG,SETIABUDI,LANDED HOUSE,BARU,66,65,SHM,5,1,2,2,TIDAK,2200,TIDAK,PDAM,FURNISHED,997000000
135,KOTA BANDUNG,ARCAMANIK,LANDED HOUSE,BARU,61,37,SHM,4,1,2,1,TIDAK,1300,TIDAK,PDAM,NON FURNISHED,460000000
136,KOTA BANDUNG,UJUNG BERUNG,LANDED HOUSE,BARU,65,40,SHM,3,1,3,1,TIDAK,1300,TIDAK,PDAM,NON FURNISHED,420000000
137,KOTA BANDUNG,UJUNG BERUNG,LANDED HOUSE,BEKAS,75,57,SHM,3,2,2,2,TIDAK,1300,ADA,PDAM,FURNISHED,590000000
138,KOTA BANDUNG,CILEUNYI,LANDED HOUSE,BARU,82,55,SHM,4,1,2,2,TIDAK,2200,TIDAK,PDAM,NON FURNISHED,677000000
139,KOTA BANDUNG,SOREANG,LANDED HOUSE,BARU,84,36,SHM,3,1,2,1,TIDAK,1300,TIDAK,JET PUMP,NON FURNISHED,366000000
140,KOTA BANDUNG,UJUNG BERUNG,LANDED HOUSE,BARU,72,42,SHM,3,1,2,1,TIDAK,1300,TIDAK,PDAM,NON FURNISHED,460000000
141,KOTA BANDUNG,UJUNG BERUNG,LANDED HOUSE,BEKAS,60,35,SHM,3,1,1,1,TIDAK,1300,TIDAK,PDAM,NON FURNISHED,310000000
142,KOTA BANDUNG,UJUNG BERUNG,LANDED HOUSE,BARU,72,50,SHM,3,1,3,1,TIDAK,1300,TIDAK,JET PUMP,NON FURNISHED,550000000
143,KOTA BANDUNG,UJUNG BERUNG,LANDED HOUSE,BEKAS,60,120,SHM,3,2,4,1,TIDAK,900,ADA,PDAM,NON FURNISHED,400000000
144,KOTA BANDUNG,UJUNG BERUNG,LANDED HOUSE,BARU,70,45,SHM,2,1,2,1,TIDAK,1300,TIDAK,PDAM,NON FURNISHED,540000000
145,KOTA BANDUNG,UJUNG BERUNG,LANDED HOUSE,BARU,66,80,SHM,3,2,2,2,ADA,1300,ADA,PDAM,NON FURNISHED,550000000
146,KOTA BANDUNG,CIBADUYUT,LANDED HOUSE,BARU,120,80,SHM,4,2,2,2,TIDAK,1300,ADA,PDAM,NON FURNISHED,450000000
147,KOTA BANDUNG,BOJONG SOANG,LANDED HOUSE,BARU,83,45,SHM,4,2,2,2,TIDAK,1300,ADA,PDAM,NON FURNISHED,462000000
148,KOTA BANDUNG,BUAH BATU,LANDED HOUSE,BARU,70,45,SHM,4,1,2,2,TIDAK,1300,TIDAK,PDAM,NON FURNISHED,300000000
149,KOTA BANDUNG,SETIABUDI,LANDED HOUSE,BARU,200,300,SHM,5,3,3,3,ADA,1300,ADA,PDAM,NON FURNISHED,4000000000
150,KOTA BANDUNG,BUAH BATU,LANDED HOUSE,BARU,84,60,SHM,4,1,3,2,ADA,1300,TIDAK,PDAM,NON FURNISHED,333000000
151,KOTA BANDUNG,UJUNG BERUNG,LANDED HOUSE,BEKAS,84,54,SHM,3,1,2,1,ADA,1300,TIDAK,JET PUMP,NON FURNISHED,565000000
152,KABUPATEN BANDUNG,SOREANG,LANDED HOUSE,BARU,112,70,SHM,4,1,2,1,ADA,4400,TIDAK,PDAM,NON FURNISHED,700000000
153,KOTA TANGERANG,TANGERANG,LANDED HOUSE,BARU,32,41,PPJB,5,2,2,2,ADA,2200,TIDAK,PDAM,FURNISHED,820000000
154,KOTA BEKASI,BEKASI TIMUR,LANDED HOUSE,BEKAS,77,154,SHM,4,2,3,2,ADA,1300,TIDAK,PDAM,NON FURNISHED,650000000
155,KOTA BEKASI,MUSTIKA JAYA,LANDED HOUSE,BEKAS,97,55,HGB,3,2,2,1,ADA,1300,TIDAK,SUMUR BOR,NON FURNISHED,700000000
156,KABUPATEN BOGOR,CILEBUT,LANDED HOUSE,BEKAS,105,37,SHM,6,1,2,1,ADA,1300,TIDAK,PDAM,NON FURNISHED,800000000
157,KOTA DEPOK,SAWANGAN,LANDED HOUSE,BARU,60,100,SHM,6,2,3,2,ADA,2200,TIDAK,SUMUR BOR,NON FURNISHED,650000000
158,KOTA SURABAYA,LAKARSANTRI,LANDED HOUSE,BARU,85,100,SHM,3,2,3,2,ADA,2200,TIDAK,PDAM,NON FURNISHED,800000000
159,KOTA BANDUNG,DAGO,LANDED HOUSE,BARU,120,98,SHM,4,3,2,2,ADA,2200,ADA,PDAM,SEMI FURNISHED,1870000000
160,KABUPATEN KARANGANYAR,COLOMADU,LANDED HOUSE,BARU,125,180,SHM,5,2,3,3,ADA,2200,ADA,PAM / PDAM,NON FURNISHED,2030000000
161,KOTA SOLO,GILINGAN,LANDED HOUSE,BEKAS,138,170,SHM,5,"1,5",2,2,TIDAK,2200,TIDAK,SUMUR POMPA,NON FURNISHED,980000000
162,KABUPATEN TANGERANG,BOJONG NANGKA,LANDED HOUSE,BEKAS,174,165,SHM,3,1,4,2,TIDAK,1300,TIDAK,PDAM,NON FURNISHED,860000000
163,KABUPATEN TANGERANG,CURUG,LANDED HOUSE,BEKAS,72,60,SHM,5,1,2,3,ADA,1300,TIDAK,SUMUR POMPA,NON FURNISHED,490000000
164,YOGYAKARTA,BANTUL,LANDED HOUSE,BEKAS,150,123,SHM,5,2,3,2,ADA,2200,TIDAK,SUMUR RESAPAN,SEMI FURNISHED,1350000000
165,JAKARTA SELATAN,TEBET,LANDED HOUSE,BARU,132,305,SHM,4,3,4,3,ADA,6600,ADA,PAM / PDAM,NON FURNISHED,5400000000
166,JAKARTA TIMUR,CIPAYUNG,LANDED HOUSE,BARU,88,165,SHM,4,2,4,4,ADA,2200,ADA,SUMUR BOR,NON FURNISHED,2070000000
167,JAKARTA SELATAN,TEBET,LANDED HOUSE,BARU,90,210,SHM,3,3,4,4,ADA,2200,ADA,PAM / PDAM,NON FURNISHED,3500000000
168,KOTA DEPOK,PANCORAN MAS,LANDED HOUSE,BARU,76,120,SHM,5,2,3,3,ADA,2200,ADA,SUMUR BOR,FURNISHED,960000000
169,KABUPATEN SEMARANG,UNGARAN TIMUR,LANDED HOUSE,BEKAS,96,276,SHM,5,4,3,3,ADA,1300,ADA,PAM / PDAM,FURNISHED,1500000000
170,KOTA BEKASI,JATI ASIH,LANDED HOUSE,BARU,88,160,SHM,5,3,4,2,ADA,2200,ADA,PAM / PDAM,FURNISHED,1850000000
171,KOTA BANDUNG,DAGO,LANDED HOUSE,BARU,100,130,SHM,5,3,5,2,ADA,2200,ADA,SUMUR BOR,SEMI FURNISHED,2250000000
172,KOTA SURAKARTA,BANJARSARI,LANDED HOUSE,BARU,142,250,SHM,5,2,4,4,ADA,1300,ADA,SUMUR POMPA,NON FURNISHED,2700000000
173,KOTA BANDUNG,SETIABUDI,LANDED HOUSE,BEKAS,300,360,SHM,4,4,4,4,ADA,5500,TIDAK,JET PUMP,FURNISHED,4200000000
174,KOTA BANDUNG,CIUMBULEUIT,LANDED HOUSE,BEKAS,500,600,SHM,4,2,3,3,ADA,6000,TIDAK,PDAM,NON FURNISHED,5000000000
175,JAKARTA SELATAN,CILANDAK,LANDED HOUSE,BARU,90,245,SHM,5,3,3,3,ADA,3300,ADA,SUMUR BOR,NON FURNISHED,3300000000
176,KOTA BANDUNG,CIGADUNG,LANDED HOUSE,BARU,109,218,SHM,5,2,3,2,ADA,7700,ADA,SUMUR BOR,SEMI FURNISHED,2500000000
177,KOTA SURABAYA,MULYOREJO,LANDED HOUSE,BEKAS,156,256,SHM,5,2,4,3,ADA,5500,ADA,PAM / PDAM,SEMI FURNISHED,3050000000
178,DENPASAR,DENPASAR UTARA,LANDED HOUSE,BARU,250,161,SHM,5,2,3,2,ADA,2200,ADA,SUMUR BOR,SEMI FURNISHED,3200000000
179,BOGOR,SENTUL CITY,LANDED HOUSE,BEKAS,312,300,SHM,4,2,4,4,ADA,3500,TIDAK,PAM / PDAM,FURNISHED,5200000000
180,BOGOR,TANAH SAREAL,LANDED HOUSE,BARU,129,164,SHM,3,2,4,2,ADA,3500,TIDAK,PAM / PDAM,NON FURNISHED,1400000000
181,KOTA BANDUNG,CIBIRU,LANDED HOUSE,BEKAS,280,150,SHM,5.0,1,5,3,TIDAK,2200,TIDAK,PDAM,NON FURNISHED,625000000
182,KOTA BANDUNG,MARGAASIH,LANDED HOUSE,BEKAS,185,144,SHM,9.0,2,5,4,TIDAK,3500,ADA,SUMUR,NON FURNISHED,1900000000
183,KOTA BANDUNG,SUMUR BANDUNG,LANDED HOUSE,BEKAS,638,587,SHM,12.0,1,6,5,ADA,3500,TIDAK,PDAM,NON FURNISHED,16000000000
184,KOTA BANDUNG,BANDUNG WETAN,LANDED HOUSE,BEKAS,670,450,SHM,11.0,1,3,2,ADA,3500,TIDAK,SUMUR,NON FURNISHED,23500000000
185,KOTA BANDUNG,CILEUNYI,LANDED HOUSE,BARU,45,30,SHGB,5.0,1,2,1,TIDAK,900,TIDAK,PDAM,NON FURNISHED,195000000
186,KOTA BANDUNG,CIBEUNYING KIDUL,LANDED HOUSE,BEKAS,91,65,SHM,6.0,2,3,2,ADA,1300,ADA,PDAM,NON FURNISHED,875000000
187,KOTA BANDUNG,CILEUNYI,LANDED HOUSE,BEKAS,72,50,SHM,7.0,1,2,1,TIDAK,1300,TIDAK,PDAM,NON FURNISHED,316000000
188,KOTA BANDUNG,CIGADUNG,LANDED HOUSE,BARU,210,123,SHM,7.0,2,5,4,ADA,2200,ADA,SUMUR,FURNISHED,2350000000
189,KABUPATEN BANDUNG,CIMAHI,LANDED HOUSE,BEKAS,131,80,SHM,5.0,1,3,2,ADA,2200,TIDAK,PDAM,FURNISHED,1725000000
190,KOTA BANDUNG,CIBEUNYING KIDUL,LANDED HOUSE,BEKAS,180,146,SHM,5.0,2,3,3,TIDAK,2200,ADA,PDAM,NON FURNISHED,2350000000
191,BANYUMAS,BATURRADEN,LANDED HOUSE,BEKAS,140,140,SHM,8.0,2,4,2,TIDAK,2200,TIDAK,SUMUR,SEBAGIAN,1400000000
192,BANYUMAS,PURWOKERTO UTARA,LANDED HOUSE,BEKAS,180,106,SHM,10.0,2,4,2,TIDAK,2200,TIDAK,PDAM,SEBAGIAN,1250000000
193,BANYUMAS,PURWOKERTO SELATAN,LANDED HOUSE,BEKAS,147,160,SHM,6.0,2,4,3,ADA,1300,TIDAK,PDAM,NON FURNISHED,950000000
194,BANYUMAS,PURWOKERTO BARAT,LANDED HOUSE,BEKAS,120,82,SHM,6.0,1,3,2,TIDAK,1300,TIDAK,PDAM,FURNISHED,580000000
195,BANYUMAS,PURWOKERTO SELATAN,LANDED HOUSE,BARU,107,120,SHM,6.0,2,3,2,TIDAK,1300,TIDAK,PDAM,NON FURNISHED,575000000
196,YOGYAKARTA,UMBULHARJO,LANDED HOUSE,BARU,125,200,SHM,3.0,2,4,3,ADA,2200,TIDAK,SUMUR & PDAM,NON FURNISHED,1850000000
197,YOGYAKARTA,UMBULHARJO,LANDED HOUSE,BEKAS,108,90,SHM,3.0,1,3,1,TIDAK,1300,TIDAK,SUMUR,NON FURNISHED,790000000
198,YOGYAKARTA,WIROBRAJAN,LANDED HOUSE,BEKAS,160,90,SHM,4.5,1,2,3,TIDAK,3500,TIDAK,SUMUR & PDAM,SEBAGIAN,1400000000
199,YOGYAKARTA,KOTAGEDE,LANDED HOUSE,BEKAS,128,120,SHM,4.0,1,3,2,ADA,900,TIDAK,SUMUR,NON FURNISHED,1400000000
200,YOGYAKARTA,WIROBRAJAN,LANDED HOUSE,BEKAS,240,248,SHM,5.5,2,6,2,TIDAK,1300,TIDAK,SUMUR & PDAM,NON FURNISHED,2000000000
201,DENPASAR,SIDAKARYA,LANDED HOUSE,BARU,146,60,SHM,5.0,2,4,2,ADA,4400,TIDAK,PAM,NON FURNISHED,1300000000
202,DENPASAR ,DENPASAR TIMUR,LANDED HOUSE,BARU,110,105,SHM,4.0,2,4,3,ADA,2200,TIDAK,PDAM,FURNISHED,1600000000
203,DENPASAR,DENPASAR SELATAN,LANDED HOUSE,BARU,60,60,SHM,4.0,2,3,2,ADA,1300,TIDAK,SUMUR,NON FURNISHED,899000000
204,BEKASI,PRIMA HARAPAN,LANDED HOUSE,BARU,72,65,SHM,10.0,2,2,2,ADA,2200,ADA,PDAM,FURNISHED,1100000000
205,KOTA BANDUNG,CIBEUNYING KALER,LANDED HOUSE,BARU,280,350,SHM,8.0,2,10,6,ADA,3500,TIDAK,SUMUR,NON FURNISHED,4400000000
206,KOTA BEKASI,JATIASIH,LANDED HOUSE,BARU,90,158,SHM,6.0,2.5,5,3,ADA,1300,TIDAK,PAM,NON FURNISHED,1100000000
207,JAKARTA TIMUR,PONDOK KELAPA,LANDED HOUSE,BARU,298,294,SHM,4.0,2,6,2,ADA,3300,TIDAK,PAM,FURNISHED,3900000000
208,JAKARTA SELATAN,PEJATEN,LANDED HOUSE,BARU,220,364,SHM,6.0,2,5,3,ADA,4400,TIDAK,PAM,NON FURNISHED,4500000000
209,JAKARTA TIMUR,KAYU PUTIH,LANDED HOUSE,BARU,220,520,SHM,7.0,3,4,5,ADA,7700,ADA,PAM,SEMI FURNISHED,6000000000
210,JAKARTA PUSAT,MENTENG,LANDED HOUSE,BARU,925,1585,SHM,12.0,2,16,11,ADA,50000,TIDAK,PDAM,NON FURNISHED,70000000000
211,TANGGERANG,CIPONDOH,LANDED HOUSE,BARU,84,150,SHM,4,2,4,3,ADA,1300,TIDAK,PDAM,SEMI FURNISHED,1550000000
212,JAKARTA UTARA,PENJARINGAN,LANDED HOUSE,BEKAS,360,510,SHM,5,3,4,5,ADA,11000,ADA,SUMUR BOR,SEMI FURNISHED,15000000000
213,JAKARTA BARAT,CENGKARENG,LANDED HOUSE,BARU,180,250,SHM,5,2,4,3,ADA,4400,TIDAK,PDAM,SEMI FURNISHED,5000000000
214,SUKOHARJO,KARTASURA,LANDED HOUSE,BARU,88,59,SHM,8,1,2,1,ADA,1300,TIDAK,PDAM,NON FURNISHED,300000000
215,SUKOHARJO,KARTASURA,LANDED HOUSE,BEKAS,72,72,SHM,7,1,2,1,ADA,1200,TIDAK,PDAM,FULL FURNISHED,365000000
216,KARANGANYAR,GONDANGREJO,LANDED HOUSE,BEKAS,66,33,SHM,6,1,2,1,ADA,900,TIDAK,SUMUR BOR,NON FURNISHED,285000000
217,SUKOHARJO,BENDOSARI,LANDED HOUSE,BEKAS,105,70,SHM,7,1,2,1,ADA,900,TIDAK,SUMUR BOR,NON FURNISHED,490000000
218,KARANGANYAR,JATEN,LANDED HOUSE,BARU,61,40,SHM,6,1,3,1,ADA,900,TIDAK,SUMUR BOR,NON FURNISHED,255000000
219,SURAKARTA,LAWEYAN,LANDED HOUSE,BARU,298,300,SHM,9,1,4,3,ADA,3500,TIDAK,SUMUR BOR,NON FURNISHED,3750000000
220,SURAKARTA,JEBRES,LANDED HOUSE,BEKAS,190,250,SHM,15,2,5,4,ADA,2200,TIDAK,SUMUR BOR,NON FURNISHED,1000000000
221,JAKARTA SELATAN,MAMPANG PRAPATAN,LANDED HOUSE,BARU,72,194,SHM,5,3,3,3,ADA,5500,TIDAK,PDAM,NON FURNISHED,3450000000
222,JAKARTA SELATAN,KEBAYORAN LAMA,LANDED HOUSE,BARU,187,280,SHM,5,2,3,3,ADA,7700,TIDAK,PDAM,NON FURNISHED,7000000000
223,BANDUNG BARAT,PARONGPONG,LANDED HOUSE,BARU,60,60,SHM,4,2,3,2,TIDAK,2200,TIDAK,PDAM,NON FURNISHED,750000000
224,SUMEDANG,JATINANGOR,LANDED HOUSE,BARU,119,90,SHM,4,2,2,2,ADA,2200,TIDAK,SUMUR BOR,NON FURNISHED,881000000
225,BEKASI,BEKASI UTARA,LANDED HOUSE,BARU,180,180,SHM,5,2,3,5,ADA,1300,TIDAK,PDAM,NON FURNISHED,1300000000
226,BANDUNG,BUAH BATU,LANDED HOUSE,BEKAS,145,70,HGB,6,1,2,1,TIDAK,2200,TIDAK,SUMUR BOR,NON FURNISHED,950000000
227,BANDUNG,BUAH BATU,LANDED HOUSE,BARU,93,73,SHM,6,1,4,3,ADA,2200,TIDAK,SUMUR BOR,SEMI FURNISHED,1090000000
228,TANGGERANG,PAGEDANGAN,LANDED HOUSE,BARU,255,144,SHM,8,2,6,5,ADA,4400,TIDAK,PDAM,SEMI FURNISHED,6300000000
229,SUKOHARJO,BAKI,LANDED HOUSE,BARU,60,36,HGB,6,1,2,1,ADA,1300,TIDAK,SUMUR BOR,NON FURNISHED,275000000
230,SUKOHARJO,KARTASURA,LANDED HOUSE,BARU,85,125,SHM,7,1,3,2,ADA,1300,TIDAK,SUMUR BOR,NON FURNISHED,799000000
231,BANDUNG,BUAH BATU,LANDED HOUSE,BARU,140,147,SHM,6,2,4,3,ADA,4400,TIDAK,PDAM,NON FURNISHED,4250000000
232,BANDUNG BARAT,PARONGPONG,LANDED HOUSE,BARU,139,180,SHM,6,2,5,4,ADA,5500,TIDAK,SUMUR BOR,NON FURNISHED,3500000000
233,BANDUNG,GEDE BAGE,LANDED HOUSE,BARU,216,167,SHM,5,2,3,2,ADA,4400,ADA,SUMUR BOR,NON FURNISHED,4000000000
234,BANDUNG,DAGO,LANDED HOUSE,BEKAS,300,135,SHM,6,1,4,3,ADA,1300,TIDAK,PDAM,NON FURNISHED,3650000000
235,JAKARTA UTARA,KELAPA GADING,LANDED HOUSE,BARU,102,216,SHM,6,3,4,3,ADA,3300,TIDAK,SUMUR BOR,NON FURNISHED,4250000000
236,JAKARTA SELATAN,KEBAYORAN LAMA,APARTEMENTT,BARU,200,90,SHM,10,1,3,2,ADA,2500,TIDAK,PDAM,FULL FURNISHED,2000000000
237,BEKASI,BEKASI UTARA,LANDED HOUSE,BEKAS,200,250,SHM,10,2,4,3,ADA,3500,TIDAK,PDAM,SEMI FURNISHED,2800000000
238,TANGGERANG SELATAN,SERPONG,LANDED HOUSE,BARU,120,180,SHM,6,2,3,2,ADA,2200,ADA,PDAM,NON FURNISHED,1500000000
239,JAKARTA SELATAN,KEBAYORAN LAMA,APARTEMENTT,BARU,170,110,SHM,10,2,2,1,ADA,4500,TIDAK,PDAM,FULL FURNISHED,5800000000
240,JAKARTA SELATAN,SETIABUDI,APARTEMENTT,BARU,200,328,SHM,12,2,3,3,ADA,5600,TIDAK,PDAM,SEMI FURNISHED,17000000000
241,KOTA TANGERANG,TANGERANG,APARTEMENTT,BEKAS,"29,35","29,35",HGB,-,1,1,1,ADA,1300,ADA,SUMUR BOR,FURNISHED,2576399
242,KOTA TANGERANG,TANGERANG,APARTEMENTT,BEKAS,"40,60","40,60",HGB,-,1,2,1,ADA,2200,ADA,SUMUR BOR,FURNISHED,3431925
243,KOTA TANGERANG,TANGERANG,APARTEMENTT,BEKAS,"64,50","64,50",HGB,-,1,3,2,ADA,3500,ADA,SUMUR BOR,FURNISHED,3625775
244,KOTA BANDUNG,CIPADUNG,LANDED HOUSE,BEKAS,63,50,SHM,-,2,2,2,ADA,1300,TIDAK,SUMUR BOR,NON FURNISHED,497500000
245,KOTA BANDUNG,CILENGKRANG,LANDED HOUSE,BEKAS,72,50,SHM,-,2,2,2,ADA,1300,TIDAK,SUMUR BOR,NON FURNISHED,530000000
246,KOTA BANDUNG,CILEUNYI,LANDED HOUSE,BEKAS,60,30,SHM,-,1,1,1,ADA,900,TIDAK,PDAM,NON FURNISHED,249000000
247,KOTA BANDUNG,ANTAPANI,LANDED HOUSE,BEKAS,104,60,SHM,-,1,2,2,ADA,1300,TIDAK,PDAM,NON FURNISHED,800000000
248,KOTA BANDUNG,BUAH BATU,LANDED HOUSE,BARU,72,82,SHM,-,2,2,2,ADA,2200,TIDAK,PDAM,NON FURNISHED,1700000000
249,KOTA BANDUNG,SETIABUDI,LANDED HOUSE,BEKAS,400,192,SHM,-,1,5,4,ADA,4400,TIDAK,SUMUR BOR,NON FURNISHED,7400000000
250,KOTA BANDUNG,SETIABUDI,LANDED HOUSE,BEKAS,390,299,SHM,-,1,6,5,ADA,2200,TIDAK,SUMUR BOR,NON FURNISHED,7000000000
251,KOTA BOGOR,BOGOR BARAT,LANDED HOUSE,BARU,89,30,SHM,-,1,2,1,ADA,1300,TIDAK,SUMUR BOR,NON FURNISHED,212000000
252,KOTA DEPOK,TAPOS,LANDED HOUSE,BARU,60,72,SHM,-,2,3,2,ADA,2200,ADA,SUMUR BOR,NON FURNISHED,800000000
253,JAKARTA SELATAN,MAMPANG PRAPATAN,LANDED HOUSE,BARU,72,194,SHM,4,4,4,4,ADA,3500,ADA,SUMUR BOR,FURNISHED,3650000000
254,KOTA BANDUNG,BUAH BATU,LANDED HOUSE,BARU,102,110,SHM,6,2,3,3,ADA,2200,TIDAK,SUMUR BOR,NON FURNISHED,1450000000
255,KOTA BANDUNG,CIDADAP,LANDED HOUSE,BEKAS,500,400,SHM,4,3,5,4,ADA,4400,TIDAK,PDAM,SEMI FURNISHED,4950000000
256,KOTA DEPOK,CIMANGGIS,LANDED HOUSE,BARU,52,103,SHM,4,3,3,2,ADA,2200,TIDAK,SUMUR BOR,NON FURNISHED,1300000000
257,SURABAYA,WIYUNG,LANDED HOUSE,BARU,91,140,SHM,6,2,3,3,ADA,3500,TIDAK,PDAM,NON FURNISHED,2300000000
258,MALANG,LOWOKWARU,LANDED HOUSE,BARU,128,170,SHM,4,2,4,4,ADA,2200,TIDAK,PDAM,FURNISHED,2550000000
259,JAKARTA TIMUR,CAKUNG,LANDED HOUSE,BARU,102,76,PPJB,8,2,4,3,ADA,2200,TIDAK,PDAM,NON FURNISHED,1750000000
260,JAKARTA UTARA,PENJARINGAN,LANDED HOUSE,BEKAS,96,200,SHM,8,3,4,3,ADA,3500,TIDAK,PDAM,SEMI FURNISHED,4000000000
261,YOGYAKARTA,GODEAN,LANDED HOUSE,BARU,36,36,SHM,-,1,2,1,ADA,1300,TIDAK,SUMUR BOR,NON FURNISHED,275.000.000
262,YOGYAKARTA,GODEAN,LANDED HOUSE,BARU,45,45,SHM,-,1,2,1,ADA,1300,TIDAK,SUMUR BOR,NON FURNISHED,335.000.000
263,KLATEN,KLATEN SELATAN,LANDED HOUSE,BARU,90,45,SHM,-,1,2,1,ADA,1300,TIDAK,SUMUR BOR,NON FURNISHED,250.000.000
264,BEKASI,JATIASIH,LANDED HOUSE,BARU,60,60,SHM,-,1,2,1,ADA,1300,TIDAK,PDAM,NON FURNISHED,285.000.000
265,BEKASI,CIKARANG UTARA,LANDED HOUSE,BARU,60,60,SHM,-,2,3,2,ADA,2200,TIDAK,PDAM,NON FURNISHED,900.000.000
266,KOTA BANDUNG,ANTAPANI,LANDED HOUSE,BARU,90,107,SHM,-,2,3,2,ADA,1300,TIDAK,SUMUR BOR,NON FURNISHED,1.395.000.000
267,KOTA BANDUNG,CIBEUNYING KIDUL,LANDED HOUSE,BEKAS,271,200,SHM,4,2,5,5,ADA,6600,TIDAK,PDAM,SEMI FURNISHED,4.500.000.000
268,KOTA BANDUNG,SUKASARI,LANDED HOUSE,BEKAS,87,70,SHM,-,1,3,1,ADA,900,TIDAK,PAM,NON FURNISHED,875.000.000
269,KOTA BANDUNG,SUKAJADI,LANDED HOUSE,BEKAS,157,180,SHM,4,2,3,3,ADA,3300,TIDAK,SUMUR BOR,NON FURNISHED,3.200.000.000
270,KOTA BANDUNG,LENGKONG,LANDED HOUSE,BEKAS,427,255,SHM,-,1,3,2,ADA,2200,TIDAK,PAM,NON FURNISHED,6.000.000.000
271,KABUPATEN BOGOR,CIGUDEG,LANDED HOUSE,BARU,60,30,SHM,5,1,2,1,ADA,1300,TIDAK,TIDAK,NON FURNISHED,168000000
272,KABUPATEN BOGOR,CIOMAS,LANDED HOUSE,BARU,72,40,SHM,7,1,2,1,ADA,1300,TIDAK,SUMUR BOR,NON FURNISHED,420000000
273,KABUPATEN BOGOR,CIOMAS,LANDED HOUSE,BARU,90,72,SHM,7,2,2,2,ADA,1300,TIDAK,SUMUR BOR,SEMI FURNISHED,680000000
274,KABUPATEN BOGOR,DRAMAGA,LANDED HOUSE,BARU,60,36,SHM,5,1,2,1,ADA,1300,TIDAK,PDAM MANDIRI,NON FURNISHED,280000000
275,KABUPATEN BOGOR,DRAMAGA,LANDED HOUSE,BARU,72,36,SHM,5,1,2,1,ADA,1300,TIDAK,PDAM MANDIRI,NON FURNISHED,420000000
276,KABUPATEN BOGOR,DRAMAGA,LANDED HOUSE,BARU,120,60,SHM,5,2,-,2,TIDAK,1800,ADA,PDAM MANDIRI,NON FURNISHED,690000000
277,KABUPATEN BOGOR,KEMANG,LANDED HOUSE,BARU,72,36,SHM,5,1,2,1,ADA,1300,TIDAK,SUMUR BOR,NON FURNISHED,473000000
278,KABUPATEN BOGOR,KEMANG,LANDED HOUSE,BARU,72,40,SHM,5,1,2,1,ADA,1300,TIDAK,SUMUR BOR,SEMI FURNISHED,497000000
279,KABUPATEN BOGOR,DRAMAGA,LANDED HOUSE,BARU,60,36,SHM,7,1,2,1,ADA,1300,ADA,TIDAK,SEMI FURNISHED,460000000
280,KABUPATEN BOGOR,DRAMAGA,LANDED HOUSE,BARU,65,35,SHM,7,1,2,1,TIDAK,1300,TIDAK,SUMUR BOR,NON FURNISHED,180000000
281,KABUPATEN BOGOR,CIMANGGIS,LANDED HOUSE,BARU,80,45,SHM,7,1,2,1,TIDAK,1300,TIDAK,SUMUR BOR,NON FURNISHED,255000000
282,DEPOK,CIOMAS,LANDED HOUSE,BARU,78,40,SHM,5,1,2,1,ADA,1300,TIDAK,SUMUR BOR,NON FURNISHED,245000000
283,JONGGOL,JONGGOL,LANDED HOUSE,BARU,95,55,SHM,7,1,3,2,ADA,1300,TIDAK,SUMUR BOR,NON FURNISHED,320000000
284,SURABAYA,DARMO,LANDED HOUSE,BARU,180,120,SHM,7,2,3,2,ADA,2200,ADA,SUMUR BOR,FURNISHED,1800000000
285,JAKARTA SELATAN,KEBAYORAN LAMA,LANDED HOUSE,BARU,210,210,SHM,5,2,10,3,ADA,2200,ADA,SUMUR BOR,FURNISHED,2900000000
286,MEDAN,DELI SERDANG,LANDED HOUSE,BARU,60,36,SHM,5,1,2,1,ADA,1300,TIDAK,SUMUR BOR,SEMI FURNISHED,150000000
287,MALANG,SINGOSARI,LANDED HOUSE,BARU,100,80,SHM,7,2,4,2,ADA,1300,ADA,SUMUR BOR,FURNISHED,1200000000
288,TANGERANG,SERPONG,APARTEMENTT,BARU,45,45,SHM,-,1,1,1,ADA,2200,TIDAK,PDAM MANDIRI,SEMI FURNISHED,650000000
289,SUKABUMI,CIKOLE,LANDED HOUSE,BARU,135,90,SHM,5,2,5,2,TIDAK,2200,ADA,PDAM,FURNISHED,1350000000
290,SUKABUMI,CIBADAK,LANDED HOUSE,BARU,77,140,SHM,5,2,2,2,TIDAK,2200,TIDAK,PDAM,FURNISHED,700000000
291,SUKABUMI,PARUNGKUDA,LANDED HOUSE,BARU,60,30,SHM,-,1,2,2,ADA,1300,TIDAK,PDAM,NON FURNISHED,150000000
292,BANDUNG,BATUJAJAR,LANDED HOUSE,BARU,195,120,SHM,7,2,4,2,ADA,2200,ADA,PDAM,FURNISHED,1000000000
293,BANDUNG,BATUJAJAR,LANDED HOUSE,BARU,90,50,SHM,7,1,2,1,TIDAK,1300,ADA,PDAM,FURNISHED,800000000
294,BANDUNG,PADALARANG,LANDED HOUSE,BARU,60,33,SHGB,-,2,2,1,TIDAK,1300,TIDAK,SUMUR BOR,SEMI FURNISHED,350000000
295,BANDUNG,BUAHBATU,LANDED HOUSE,BARU,40,22,SHM,5,1,1,1,ADA,900,TIDAK,SUMUR BOR,NON FURNISHED,175000000
296,BANDUNG,BUAHBATU,LANDED HOUSE,BARU,40,30,SHM,5,1,2,1,ADA,1300,TIDAK,PDAM,NON FURNISHED,222000000
297,BANDUNG,BUAHBATU,LANDED HOUSE,BARU,84,60,SHM,5,1,3,2,ADA,1300,TIDAK,PDAM,NON FURNISHED,333000000
298,BANDUNG,RANCAEKEK,LANDED HOUSE,BARU,70,45,SHM,5,1,2,2,ADA,1300,TIDAK,SUMUR BOR,SEMI FURNISHED,470000000
299,BANDUNG,PARONGPONG,LANDED HOUSE,BARU,72,50,SHM,7,2,2,2,ADA,1300,ADA,PDAM,FURNISHED,657000000
300,JAKARTA UTARA,KELAPA GADING,LANDED HOUSE,BARU,72,50,SHM,5,3,10,3,ADA,1300,TIDAK,SUMUR BOR,NON FURNISHED,800000000
301,JAKARTA TIMUR,CIPAYUNG,LANDED HOUSE,BARU,50,40,SHM,4,1,2,1,ADA,1300,TIDAK,PDAM,NON FURNISHED,350000000
302,JAKARTA PUSAT,SENEN,LANDED HOUSE,BARU,79,45,SHM,5,1,2,1,ADA,1300,TIDAK,PDAM,SEMI FURNISHED,600000000
303,BANDUNG,ANTAPANI,LANDED HOUSE,BARU,84,62,SHM,4,1,2,1,ADA,1300,TIDAK,PDAM,SEMI FURNISHED,325000000
304,JAKARTA SELATAN,CILANDAK,LANDED HOUSE,BEKAS,321,260,SHM,3,2,4,3,ADA,5500,TIDAK,PDAM,SEMI FURNISHED,9250000000
305,BEKASI,JATIASIH,LANDED HOUSE,BARU,70,90,SHM,6,2,3,2,ADA,2200,TIDAK,PDAM,SEMI FURNISHED,845000000
306,BANDUNG,ANDIR,LANDED HOUSE,BEKAS,650,200,SHM,4,1,7,3,ADA,1300,TIDAK,SUMUR BOR,SEMI FURNISHED,4100000000
307,BANDUNG,COBLONG,LANDED HOUSE,BEKAS,176,138,SHGB,5,2,4,4,ADA,2200,TIDAK,PDAM,SEMI FURNISHED,2300000000
308,BANDUNG,SUKASARI,LANDED HOUSE,BEKAS,105,90,SHM,6,1.5,2,2,ADA,1300,ADA,PAM,SEMI FURNISHED,1500000000
309,BANDUNG,SUKASARI,LANDED HOUSE,BEKAS,300,250,SHM,5,2,4,3,ADA,1300,TIDAK,PDAM,NON FURNISHED,4000000000
310,TANGERANG,PAMULANG,LANDED HOUSE,BARU,300,240,SHM,5,2,3,4,ADA,3500,ADA,PAM,NON FURNISHED,3000000000
311,BANDUNG ,CIBEUNYING KIDUL,LANDED HOUSE,BEKAS,1100,120,SHM,5,3,4,5,ADA,2200,TIDAK,PDAM,SEMI FURNISHED,1700000000
312,BANDUNG,ARCAMANIK,LANDED HOUSE,BEKAS,500,260,SHM,12,2,4,3,ADA,2200,TIDAK,PDAM,NON FURNISHED,2600000000
313,DEPOK,SAWANGAN,LANDED HOUSE,BARU,142,170,SHM,6,2,4,3,ADA,5500,ADA,PDAM,FULL FURNISHED,2200000000
314,BOGOR,TANAH SAREAL,LANDED HOUSE,BEKAS,193,170,SHM,5,1,3,2,ADA,2200,TIDAK,PDAM,NON FURNISHED,2140000000
315,BOGOR,TANAH SAREAL,LANDED HOUSE,BEKAS,78,105,SHM,5,2,3,2,ADA,1300,TIDAK,PDAM,NON FURNISHED,850000000
316,BOGOR,SUKARAJA,LANDED HOUSE,BEKAS,87,80,SHM,6,1,2,2,ADA,1300,TIDAK,SUMUR BOR,NON FURNISHED,550000000
317,BOGOR,BOGOR UTARA,LANDED HOUSE,BEKAS,78,54,SHM,5,1,2,1,ADA,1300,TIDAK,PDAM,NON FURNISHED,820000000
318,BOGOR,TANAH SAREAL,LANDED HOUSE,BEKAS,73,88,SHM,5,2,4,2,ADA,1300,ADA,SUMUR BOR,NON FURNISHED,990000000
319,DEPOK,TAPOS,LANDED HOUSE,BEKAS,90,54,SHM,5,2,2,1,ADA,1300,TIDAK,PDAM,SEMI FURNISHED,890000000
320,JAKARTA BARAT,GROGOL PETAMBURAN,LANDED HOUSE,BEKAS,235,375,SHM,6,2,6,4,ADA,2200,ADA,PDAM,SEMI FURNISHED,7500000000
321,TASIKMALAYA,MANGKUBUMI,LANDED HOUSE,BEKAS,164,120,SHM,4,1,2,1,TIDAK,2200,TIDAK,PAM,SEMI FURNISHED,750000000
322,GARUT,TAROGONG KIDUL,LANDED HOUSE,BEKAS,154,120,SHM,3,2,4,2,ADA,1300,TIDAK,PDAM,NON FURNISHED,599000000
323,GARUT,KADUNGORA,LANDED HOUSE,BEKAS,1708,600,SHM,5,2,6,6,ADA,2200,TIDAK,SUMUR BOR,FULL FURNISHED,8500000000
324,GARUT,BAYONGBONG,LANDED HOUSE,BEKAS,570,120,SHM,4,1,4,1,ADA,1300,TIDAK,SUMUR BOR,SEMI FURNISHED,1000000000
325,GARUT,GARUT KOTA,LANDED HOUSE,BEKAS,1200,500,SHM,4,1,10,8,ADA,2200,TIDAK,PDAM,NON FURNISHED,19000000000
326,GARUT,WANARAJA,LANDED HOUSE,BARU,60,36,SHM,4,1,2,1,ADA,900,TIDAK,SUMUR BOR,NON FURNISHED,110000000
327,TASIKMALAYA,TAWANG,LANDED HOUSE,BEKAS,108,70,SHM,5,1,3,2,ADA,1300,TIDAK,PDAM,SEMI FURNISHED,900000000
328,TASIKMALAYA,CIHIDEUNG,LANDED HOUSE,BEKAS,448,400,SHM,4,1,5,3,TIDAK,2200,TIDAK,SUMUR BOR,NON FURNISHED,3500000000
329,GARUT,SAMARANG,LANDED HOUSE,BEKAS,630,290,SHM,3,1,5,2,ADA,1300,TIDAK,SUMUR BOR,NON FURNISHED,800000000
330,KARAWANG,KARAWANG TIMUR,LANDED HOUSE,BEKAS,193,193,SHM,6,2,7,4,ADA,10600,TIDAK,PDAM,SEMI FURNISHED,1600000000
331,KOTA BANDUNG,LENGKONG,LANDED HOUSE,BEKAS,190,230,SHM,-,2,5,3,ADA,3500W,TIDAK,PDAM,NON FURNISHED, 5500000000
332,KOTA BANDUNG,PASTEUR,LANDED HOUSE,BEKAS,300,520,SHM,-,2,6,4,ADA,3500W,TIDAK,PDAM,NON FURNISHED, 4000000000
333,KOTA BANDUNG,MARGACINTA,LANDED HOUSE,BEKAS,40,22,SHM,-,2,2,1,ADA,900W,TIDAK,PDAM,NON FURNISHED, 175000000
334,KOTA BANDUNG,BUAHBATU,LANDED HOUSE,BEKAS,40,30,SHM,-,1,2,1,ADA,900W,TIDAK,PDAM,NON FURNISHED, 222000000
335,KOTA BANDUNG,CICENDO,APARTEMENT,BEKAS,93,93,SHM,-,1,3,1,ADA,1300W,TIDAK,PDAM,NON FURNISHED, 2000000000
336,KOTA BANDUNG,CIDADAP,APARTEMENT,BEKAS,45,45,SHM,-,1,1,1,ADA,1300W,TIDAK,PDAM,SEMI FURNISHED, 1200000000
337,KOTA BANDUNG,TURANGGA,LANDED HOUSE,BEKAS,448,250,SHM,-,2,4,3,ADA,3300W,ADA,PDAM & PAM,NON FURNISHED, 5000000000
338,KOTA BANDUNG,DAGO,LANDED HOUSE,BEKAS,775,800,SHM,20,3,8,8,ADA,3500W,ADA,PDAM,NON FURNISHED, 30000000000
339,KABUPATEN BANDUNG,ARJASARI,LANDED HOUSE,BARU,60,30,SHM,-,1,2,1,ADA,1300W,TIDAK,PDAM,NON FURNISHED, 180000000
340,KABUPATEN BANDUNG,CIHAMPELAS,LANDED HOUSE,BEKAS,96,45,SHM,-,1,2,1,ADA,900W,TIDAK,JET PUMP,NON FURNISHED, 350000000
341,KABUPATEN BANDUNG,BALEENDAH,LANDED HOUSE,BEKAS,84,76,SHM,-,2,2,2,ADA,1300W,TIDAK,JET PUMP,NON FURNISHED, 360000000
342,KABUPATEN BANDUNG,NGAMPRAH,LANDED HOUSE,BARU,60,50,SHM & PBG,-,2,2,1,ADA,1300W,TIDAK,PDAM,NON FURNISHED, 554000000
343,KABUPATEN BANDUNG,CIMAUNG,LANDED HOUSE,BEKAS,154,280,SHM,-,2,4,4,ADA,1300W,TIDAK,PDAM,FULL FURNISHED, 1200000000
344,KOTA BANDUNG,DAGO,APARTEMENT,BEKAS,100,100,SHM,-,1,3,3,ADA,3500W,TIDAK,PDAM,FULL FURNISHED, 3800000000
345,KOTA BANDUNG,CICENDO,APARTEMENT,BEKAS,93,93,SHM,-,1,3,2,ADA,1300W,TIDAK,PDAM,SEMI FURNISHED, 2000000000
346,KOTA BANDUNG,ANTAPANI,LANDED HOUSE,BARU,150,202,SHM,-,2,2,3,ADA,3500W,ADA,PDAM,FULL FURNISHED, 1300000000
347,KOTA BANDUNG,PASTEUR,LANDED HOUSE,BARU,520,420,SHM,-,3,2,1,ADA,1300W,ADA,PDAM,FULL FURNISHED, 3600000000
348,KOTA BANDUNG,MARGACINTA,APARTEMENT,BEKAS,60,45,SHM,-,1,2,3,ADA,900W,TIDAK,PDAM,NON FURNISHED, 554000000
349,KOTA BANDUNG,CIMAUNG,APARTEMENT,BARU,45,45,SHM,-,,,,,1300W,TIDAK,PDAM,SEMI FURNISHED,
350,KOTA BANDUNG,ANTAPANI,LANDED HOUSE,BEKAS,175,120,SHM,20,2,2,1,ADA,3000W,TIDAK,PDAM,SEMI FURNISHED, 760000000
351,KOTA BANDUNG,CIMAUNG,LANDED HOUSE,BEKAS,210,200,SHM,-,1,1,2,ADA,1300W,TIDAK,PDAM,NON FURNISHED, 1200000000
352,KOTA BANDUNG,DAGO,APARTEMENT,BARU,180,180,SHM,-,2,1,3,ADA,3500W,TIDAK,PDAM,SEMI FURNISHED, 970000000
353,KOTA BANDUNG,MARGACINTA,LANDED HOUSE,BEKAS,310,290,SHM,-,4,1,2,ADA,1300W,ADA,PDAM,FULL FURNISHED, 2200000000
354,KOTA BANDUNG,CIDADAP,LANDED HOUSE,BARU,220,150,SHM,-,1,1,3,ADA,3500W,TIDAK,PDAM,SEMI FURNISHED, 721000000
355,KOTA BANDUNG,TURANGGA,LANDED HOUSE,BARU,260,144,SHM,-,2,1,4,ADA,3300W,TIDAK,PDAM,SEMI FURNISHED, 600000000
356,KOTA BANDUNG,CIHAMPELAS,LANDED HOUSE,BEKAS,114,100,SHM,-,2,2,2,ADA,1300W,ADA,PDAM,NON FURNISHED, 455000000
357,KOTA BANDUNG,LENGKONG,APARTEMENT,BARU,22,22,SHM,-,1,4,3,ADA,3300W,TIDAK,PDAM,NON FURNISHED, 320000000
358,KOTA BANDUNG,CIDADAP,LANDED HOUSE,BEKAS,200,160,SHM,-,3,2,1,ADA,1300W,ADA,PDAM,NON FURNISHED, 880000000
359,KOTA BANDUNG,CIMAUNG,LANDED HOUSE,BEKAS,120,120,SHM,-,1,2,1,ADA,3300W,TIDAK,PDAM,SEMI FURNISHED, 1200000000
360,KOTA BANDUNG,CIHAMPELAS,LANDED HOUSE,BEKAS,210,190,SHM,-,1,1,2,ADA,1300W,TIDAK,PDAM,FULL FURNISHED, 2000000000
361,KOTA BANDUNG,COBLONG,LANDED HOUSE,BEKAS,311,465,SHM,4,2,5,5,ADA,3300,TIDAK,SUMUR BOR,NON FURNISHED,7800000000
362,KOTA CIMAHI,CIMAHI UTARA,LANDED HOUSE,BEKAS,407,150,SHM,4,1,3,2,ADA,2200,TIDAK,PAM,FULL FURNISHED,8500000000
363,KOTA BANDUNG,ASTANAANYAR,LANDED HOUSE,BEKAS,75,140,SHM,4,2,4,3,ADA,2200,ADA,KOMBINASI,SEMI FURNISHED,1650000000
364,KOTA BANDUNG,BUAH BATU,LANDED HOUSE,BEKAS,72,50,SHGB,4,2,3,2,ADA,2200,TIDAK,SUMUR BOR,NON FURNISHED,1900000000
365,KOTA BANDUNG,CIBADUYUT,LANDED HOUSE,BEKAS,570,925,SHM,4,2,7,4,ADA,4400,TIDAK,PAM,FULL FURNISHED,4999000000
366,KOTA BANDUNG,SARIJADI,LANDED HOUSE,BARU,127,160,SHGB,4,2,5,4,ADA,3500,TIDAK,SUMUR BOR,NON FURNISHED,2850000000
367,KOTA BANDUNG,MARGASARI,LANDED HOUSE,BARU,120,200,SHM,4,2,4,3,ADA,2200,TIDAK,SUMUR BOR,FULL FURNISHED,1750000000
368,KOTA BANDUNG,ANTAPANI,LANDED HOUSE,BEKAS,90,88,SHM,4,2,3,3,ADA,2200,TIDAK,SUMUR BOR,FULL FURNISHED,1400000000
369,KOTA BANDUNG,SETIABUDI,LANDED HOUSE,BEKAS,400,200,SHM,4,2,5,4,ADA,2200,TIDAK,SUMUR BOR,FULL FURNISHED,3500000000
370,KOTA BANDUNG,BATUNUNGGAL,LANDED HOUSE,BARU,180,202,SHGB,6,2,4,3,ADA,2200,TIDAK,SUMUR BOR,NON FURNISHED,3950000000
371,KABUPATEN BANDUNG,BALEENDAH,LANDED HOUSE,BARU,60,65,AJB,6,2,3,2,ADA,2200,TIDAK,SUMUR BOR,FULL FURNISHED,788000000
372,KABUPATEN BANDUNG,BALEENDAH,LANDED HOUSE,BARU,60,72,AJB,6,2,3,2,ADA,2200,TIDAK,SUMUR BOR,FULL FURNISHED,835000000
373, KABUPATEN BANDUNG,BALEENDAH,LANDED HOUSE,BARU,73,93,AJB,6,2,4,3,ADA,2200,TIDAK,SUMUR BOR,FULL FURNISHED,1090000000
374,KABUPATEN BANDUNG,BALEENDAH,LANDED HOUSE,BARU,115,138,AJB,6,2,5,4,ADA,2200,TIDAK,SUMUR BOR,FULL FURNISHED,1680000000
375,KABUPATEN BANDUNG,BALEENDAH,LANDED HOUSE,BARU,80,138,AJB,6,3,2,2,ADA,2200,TIDAK,SUMUR BOR,FULL FURNISHED,1410000000
376,KOTA SEMARANG,TEMBALANG,LANDED HOUSE,BARU,134,67,AJB,4,2,3,2,ADA,2200,TIDAK,PDAM,FULL FURNISHED,1690000000
377,KOTA SEMARANG,TEMBALANG,LANDED HOUSE,BARU,105,100,AJB,4,2,4,3,ADA,2200,TIDAK,PDAM,FULL FURNISHED,1630000000
378,KOTA SEMARANG,TEMBALANG,LANDED HOUSE,BARU,128,102,AJB,4,2,4,3,ADA,2200,TIDAK,PDAM,FULL FURNISHED,1850000000
379, KOTA SEMARANG,TEMBALANG,LANDED HOUSE,BARU,84,65,AJB,4,2,3,2,ADA,2200,TIDAK,PDAM,FULL FURNISHED,1230000000
380, KOTA SEMARANG,TEMBALANG,LANDED HOUSE,BARU,72,56,AJB,4,2,3,2,ADA,2200,TIDAK,PDAM,FULL FURNISHED,1080000000
381,KABUPATEN BANDUNG,BOJONGSOANG,LANDED HOUSE,BARU,96,94,SHM,4,2,2,2,ADA,3500,TIDAK,PDAM,NON FURNISHED,2390000000
382,KOTA BANDUNG,LENGKONG,LANDED HOUSE,BEKAS,448,250,SHM,4,2,5,4,ADA,3500,TIDAK,PDAM,SEMI FURNISHED,5000000000
383,KOTA BANDUNG,COBLONG,LANDED HOUSE,BEKAS,462,350,SHM,4,2,5,4,ADA,4400,TIDAK,PDAM,FULL FURNISHED,4950000000
384,KOTA BANDUNG,CIDADAP,APARTEMENTT,BEKAS,45,45,STRATA,4,1,2,1,ADA,1300,TIDAK,PDAM,SEMI FURNISHED,1200000000
385,KOTA JAKARTA BARAT,KEMBANGAN,APARTEMENTT,BARU,192,192,STRATA,4,1,4,4,ADA,5500,TIDAK,PDAM,SEMI FURNISHED,5500000000
386,KOTA BANDUNG,CIDADAP,APARTEMENTT,BEKAS,48,48,STRATA,4,1,2,1,ADA,2200,TIDAK,PDAM,FULL FURNISHED,700000000
387,KOTA BANDUNG,CIDADAP,APARTEMENTT,BARU,123,123,STRATA,4,1,3,2,ADA,6600,TIDAK,PDAM,FULL FURNISHED,3750000000
388,KOTA BANDUNG,SUMUR BANDUNG,APARTEMENTT,BARU,35,35,STRATA,4,1,1,1,ADA,900,TIDAK,PDAM,FULL FURNISHED,880000000
389,KOTA BANDUNG,CIDADAP,APARTEMENTT,BARU,34,34,STRATA,4,1,1,1,ADA,1300,TIDAK,PDAM,FULL FURNISHED,650000000
390,KOTA BANDUNG,SUMUR BANDUNG,APARTEMENTT,BARU,143,143,SHGB,4,1,3,2,ADA,2200,TIDAK,PDAM,NON FURNISHED,4800000000